Date,GGAL USD,BMA USD,SUPV USD
2016-05-19,26.2,60.0,11.5
2016-05-20,27.1,60.56,11.5
2016-05-23,26.98,61.9,11.2
2016-05-24,26.86,60.18,11.52
2016-05-25,26.84,60.01,11.39
2016-05-26,27.31,60.49,11.4
2016-05-27,28.03,61.14,11.42
2016-05-31,28.41,62.5,11.39
2016-06-01,28.14,62.73,11.35
2016-06-02,28.78,65.97,11.41
2016-06-03,28.75,66.47,11.71
2016-06-06,29.24,66.88,11.82
2016-06-07,29.59,68.92,12.13
2016-06-08,29.82,68.64,12.25
2016-06-09,29.65,69.08,12.25
2016-06-10,29.76,69.88,12.07
2016-06-13,29.93,69.18,12.25
2016-06-14,30.3,70.2,11.91
2016-06-15,30.41,70.84,11.97
2016-06-16,30.16,70.15,12.15
2016-06-17,31.19,74.26,12.16
2016-06-20,31.85,76.24,12.88
2016-06-21,31.26,74.43,12.85
2016-06-22,31.13,74.49,12.77
2016-06-23,31.09,73.46,12.71
2016-06-24,29.71,68.9,12.27
2016-06-27,28.73,68.11,11.94
2016-06-28,29.88,71.8,12.28
2016-06-29,31.0,73.85,12.63
2016-06-30,30.54,74.22,12.79
2016-07-01,30.93,74.07,13.07
2016-07-05,30.67,74.5,12.95
2016-07-06,30.6,74.19,12.74
2016-07-07,30.76,74.58,12.7
2016-07-08,30.88,75.16,12.7
2016-07-11,31.17,75.81,12.68
2016-07-12,31.12,76.22,12.8
2016-07-13,31.7,77.53,12.55
2016-07-14,32.16,79.34,12.85
2016-07-15,31.67,78.73,13.14
2016-07-18,31.88,78.98,13.12
2016-07-19,31.9,79.01,13.54
2016-07-20,31.21,77.26,13.39
2016-07-21,30.51,76.68,13.3
2016-07-22,30.51,77.18,13.52
2016-07-25,30.58,76.66,13.5
2016-07-26,30.22,75.6,13.4
2016-07-27,29.76,74.22,13.39
2016-07-28,29.56,74.13,13.27
2016-07-29,29.68,75.13,13.55
2016-08-01,29.14,72.65,13.32
2016-08-02,28.74,72.09,13.26
2016-08-03,29.48,72.83,13.25
2016-08-04,29.5,73.98,13.25
2016-08-05,29.37,73.67,13.53
2016-08-08,29.67,73.6,13.63
2016-08-09,29.86,74.18,13.48
2016-08-10,29.64,75.49,13.35
2016-08-11,29.5,76.28,13.55
2016-08-12,28.82,76.04,13.52
2016-08-15,29.2,76.53,13.51
2016-08-16,28.77,76.02,13.16
2016-08-17,28.53,75.69,13.04
2016-08-18,29.26,75.85,13.42
2016-08-19,29.14,76.11,13.5
2016-08-22,29.59,76.88,13.38
2016-08-23,30.12,78.14,13.47
2016-08-24,30.94,79.91,13.3
2016-08-25,30.79,80.73,13.36
2016-08-26,30.2,79.0,13.39
2016-08-29,30.82,79.72,13.54
2016-08-30,30.46,78.47,13.88
2016-08-31,29.76,78.34,14.06
2016-09-01,30.38,78.46,13.85
2016-09-02,30.55,78.26,14.0
2016-09-06,31.21,79.8,14.36
2016-09-07,31.3,79.33,14.43
2016-09-08,30.2,77.27,14.38
2016-09-09,29.04,74.59,14.4
2016-09-12,29.64,76.0,14.16
2016-09-13,29.16,73.82,14.05
2016-09-14,28.62,71.93,14.24
2016-09-15,28.93,72.97,14.64
2016-09-16,28.46,72.81,14.8
2016-09-19,28.73,74.08,15.4
2016-09-20,28.56,73.46,15.4
2016-09-21,29.38,74.41,14.97
2016-09-22,30.36,76.48,14.95
2016-09-23,30.31,74.57,15.15
2016-09-26,29.8,75.94,14.93
2016-09-27,30.07,76.58,14.74
2016-09-28,30.3,76.2,14.76
2016-09-29,30.68,76.75,14.8
2016-09-30,31.11,78.25,14.81
2016-10-03,30.97,78.1,15.03
2016-10-04,31.84,79.28,15.04
2016-10-05,32.5,79.71,15.15
2016-10-06,31.78,79.42,15.26
2016-10-07,31.52,78.34,14.86
2016-10-10,32.08,78.0,14.78
2016-10-11,31.6,76.6,14.76
2016-10-12,31.69,76.84,14.65
2016-10-13,31.39,77.28,14.71
2016-10-14,31.62,79.3,14.75
2016-10-17,31.79,79.92,14.85
2016-10-18,31.51,79.3,15.07
2016-10-19,32.07,80.79,15.01
2016-10-20,31.94,79.87,15.12
2016-10-21,31.62,79.48,15.1
2016-10-24,31.62,78.89,15.09
2016-10-25,31.24,78.28,14.99
2016-10-26,31.03,77.0,14.82
2016-10-27,31.2,76.94,14.85
2016-10-28,31.29,76.51,15.07
2016-10-31,31.14,76.23,15.18
2016-11-01,30.68,75.75,15.02
2016-11-02,29.73,75.05,14.8
2016-11-03,29.29,74.83,14.61
2016-11-04,29.52,74.35,14.63
2016-11-07,30.71,75.91,14.96
2016-11-08,30.93,75.01,14.95
2016-11-09,29.91,75.63,15.17
2016-11-10,28.21,71.0,14.67
2016-11-11,28.12,68.29,14.37
2016-11-14,27.4,68.4,14.48
2016-11-15,28.59,70.12,14.6
2016-11-16,28.37,69.45,14.48
2016-11-17,28.6,71.39,14.45
2016-11-18,28.34,70.58,14.41
2016-11-21,29.15,72.22,14.5
2016-11-22,29.11,73.28,14.5
2016-11-23,29.02,72.24,14.53
2016-11-25,28.69,71.93,14.5
2016-11-28,28.79,72.16,14.46
2016-11-29,28.23,72.2,14.3
2016-11-30,27.19,69.19,14.22
2016-12-01,27.54,70.62,13.99
2016-12-02,26.44,68.9,13.77
2016-12-05,26.32,69.29,14.11
2016-12-06,26.15,68.85,14.15
2016-12-07,25.66,67.93,13.99
2016-12-08,25.75,69.63,14.01
2016-12-09,25.36,66.32,13.9
2016-12-12,25.03,64.65,13.92
2016-12-13,25.9,64.76,14.0
2016-12-14,25.54,65.12,13.55
2016-12-15,25.17,64.56,13.65
2016-12-16,24.57,63.85,13.55
2016-12-19,23.61,62.69,13.29
2016-12-20,23.72,62.33,12.95
2016-12-21,24.8,62.9,12.54
2016-12-22,24.62,62.3,12.1
2016-12-23,25.32,62.71,12.5
2016-12-27,25.5,62.97,12.63
2016-12-28,26.41,63.3,12.7
2016-12-29,26.84,63.99,13.02
2016-12-30,26.92,64.35,13.14
2017-01-03,28.25,70.05,13.4
2017-01-04,27.96,70.41,13.56
2017-01-05,28.56,70.96,13.89
2017-01-06,29.61,71.98,14.09
2017-01-09,29.84,71.88,13.95
2017-01-10,31.06,75.15,14.1
2017-01-11,30.92,73.78,14.03
2017-01-12,31.12,72.9,14.3
2017-01-13,31.55,73.05,14.4
2017-01-17,31.78,73.0,14.11
2017-01-18,31.91,73.04,13.87
2017-01-19,31.91,72.31,13.6
2017-01-20,32.64,74.79,13.46
2017-01-23,33.93,77.91,13.7
2017-01-24,33.2,78.45,14.02
2017-01-25,32.75,78.11,14.04
2017-01-26,31.9,77.16,14.27
2017-01-27,31.34,76.04,14.3
2017-01-30,30.84,75.31,14.24
2017-01-31,31.07,75.14,14.73
2017-02-01,31.35,75.27,14.72
2017-02-02,32.02,76.74,14.56
2017-02-03,32.36,77.72,14.46
2017-02-06,32.52,78.11,14.3
2017-02-07,33.22,78.43,14.18
2017-02-08,34.42,79.96,14.32
2017-02-09,35.3,82.49,14.48
2017-02-10,35.67,84.6,14.7
2017-02-13,34.49,82.5,14.84
2017-02-14,34.7,84.77,15.12
2017-02-15,35.13,85.74,15.28
2017-02-16,34.25,80.88,15.3
2017-02-17,34.62,80.61,15.57
2017-02-21,34.68,82.91,15.74
2017-02-22,34.82,82.66,15.69
2017-02-23,33.6,81.54,15.49
2017-02-24,32.57,79.15,15.52
2017-02-27,32.3,77.78,15.53
2017-02-28,31.8,77.06,15.34
2017-03-01,32.91,80.72,15.24
2017-03-02,32.57,80.3,15.05
2017-03-03,33.62,82.03,15.22
2017-03-06,33.2,81.45,15.14
2017-03-07,33.0,81.46,15.15
2017-03-08,33.02,81.29,15.16
2017-03-09,33.16,81.18,15.02
2017-03-10,33.85,82.03,15.18
2017-03-13,34.8,82.89,15.19
2017-03-14,34.8,82.57,15.21
2017-03-15,35.13,83.26,15.43
2017-03-16,35.58,85.29,15.69
2017-03-17,35.2,82.84,15.7
2017-03-20,36.01,84.88,15.6
2017-03-21,36.1,84.16,15.47
2017-03-22,36.73,83.99,15.33
2017-03-23,37.75,84.83,15.54
2017-03-24,39.01,85.8,15.94
2017-03-27,38.62,84.29,15.98
2017-03-28,38.37,84.71,16.2
2017-03-29,38.44,83.52,16.41
2017-03-30,38.47,84.45,16.81
2017-03-31,37.86,86.7,17.0
2017-04-03,39.3,88.13,17.0
2017-04-04,39.8,87.04,17.07
2017-04-05,39.81,86.84,16.93
2017-04-06,39.81,86.79,17.05
2017-04-07,39.53,88.24,16.99
2017-04-10,39.15,87.41,17.02
2017-04-11,39.15,85.03,17.05
2017-04-12,38.97,84.37,17.07
2017-04-13,38.78,84.57,17.15
2017-04-17,39.35,85.1,17.0
2017-04-18,39.22,84.88,17.06
2017-04-19,39.06,84.73,16.83
2017-04-20,39.02,85.61,17.07
2017-04-21,39.13,84.84,17.01
2017-04-24,39.78,85.81,17.15
2017-04-25,39.46,86.2,17.17
2017-04-26,39.08,85.43,16.94
2017-04-27,39.66,85.0,16.72
2017-04-28,39.07,85.72,16.99
2017-05-01,39.9,88.0,16.77
2017-05-02,40.29,89.28,17.0
2017-05-03,41.44,88.59,17.05
2017-05-04,41.44,87.44,16.98
2017-05-05,41.63,87.66,16.98
2017-05-08,41.87,88.64,16.61
2017-05-09,41.83,87.72,16.9
2017-05-10,42.05,88.08,16.94
2017-05-11,42.59,90.5,17.06
2017-05-12,42.04,86.91,17.06
2017-05-15,43.06,88.46,17.67
2017-05-16,43.66,89.71,17.45
2017-05-17,43.37,88.0,17.08
2017-05-18,41.69,83.9,16.67
2017-05-19,42.82,86.28,16.84
2017-05-22,42.23,85.31,16.55
2017-05-23,42.2,85.77,16.36
2017-05-24,42.6,86.84,16.5
2017-05-25,44.15,88.09,16.71
2017-05-26,44.5,89.2,17.09
2017-05-30,44.32,89.09,17.09
2017-05-31,44.56,89.47,17.17
2017-06-01,45.57,89.15,17.32
2017-06-02,46.2,91.59,17.7
2017-06-05,46.67,96.57,18.22
2017-06-06,45.92,96.04,18.31
2017-06-07,45.7,93.47,18.08
2017-06-08,44.03,92.41,17.9
2017-06-09,43.17,91.6,17.96
2017-06-12,42.37,91.22,17.41
2017-06-13,42.18,88.05,17.04
2017-06-14,41.8,87.29,17.21
2017-06-15,41.76,86.52,17.16
2017-06-16,42.1,86.8,17.09
2017-06-19,43.3,87.79,17.25
2017-06-20,42.6,89.98,17.1
2017-06-21,40.27,86.73,16.88
2017-06-22,41.43,88.46,17.23
2017-06-23,40.91,88.21,17.14
2017-06-26,41.09,88.59,17.24
2017-06-27,41.07,88.02,17.4
2017-06-28,41.97,89.5,17.85
2017-06-29,41.96,90.02,17.9
2017-06-30,42.64,92.19,18.08
2017-07-03,43.61,93.17,18.27
2017-07-05,42.71,91.63,17.95
2017-07-06,41.79,90.19,17.54
2017-07-07,41.57,90.15,17.51
2017-07-10,42.23,89.85,17.49
2017-07-11,42.2,88.88,17.48
2017-07-12,42.68,90.0,17.84
2017-07-13,41.69,90.2,17.85
2017-07-14,40.91,90.07,17.95
2017-07-17,39.96,90.0,17.8
2017-07-18,37.73,86.0,17.15
2017-07-19,38.8,87.47,17.55
2017-07-20,38.67,86.5,17.57
2017-07-21,38.75,87.78,17.5
2017-07-24,38.06,88.01,17.26
2017-07-25,38.5,88.68,17.7
2017-07-26,38.24,88.94,17.72
2017-07-27,38.05,88.06,17.75
2017-07-28,37.49,88.07,17.99
2017-07-31,36.32,86.81,17.92
2017-08-01,37.04,87.63,17.93
2017-08-02,36.8,87.69,17.76
2017-08-03,36.76,88.13,17.82
2017-08-04,37.05,87.95,17.75
2017-08-07,37.35,87.51,17.56
2017-08-08,37.13,87.4,17.27
2017-08-09,36.53,84.65,16.94
2017-08-10,36.74,84.21,17.54
2017-08-11,37.96,85.34,17.68
2017-08-14,42.17,96.61,19.81
2017-08-15,42.35,96.1,19.15
2017-08-16,42.25,95.05,19.4
2017-08-17,41.67,94.72,19.57
2017-08-18,42.44,97.51,19.96
2017-08-21,42.02,96.6,19.57
2017-08-22,42.69,98.73,19.6
2017-08-23,44.69,101.9,20.53
2017-08-24,45.16,104.49,21.27
2017-08-25,45.2,105.86,22.0
2017-08-28,44.98,107.82,20.45
2017-08-29,44.68,105.69,20.51
2017-08-30,44.96,104.02,20.17
2017-08-31,45.6,103.81,20.43
2017-09-01,46.02,106.42,20.85
2017-09-05,46.5,107.47,20.8
2017-09-06,47.17,106.07,20.75
2017-09-07,47.6,105.98,20.92
2017-09-08,46.29,103.85,20.8
2017-09-11,45.13,102.42,20.7
2017-09-12,44.94,101.82,20.56
2017-09-13,45.83,103.67,21.49
2017-09-14,45.74,103.44,21.52
2017-09-15,45.92,103.94,22.63
2017-09-18,46.39,104.19,22.9
2017-09-19,47.81,105.15,22.6
2017-09-20,47.53,105.68,22.9
2017-09-21,47.92,108.0,22.74
2017-09-22,49.49,113.96,23.69
2017-09-25,49.39,111.0,23.02
2017-09-26,50.2,111.3,23.37
2017-09-27,49.35,109.72,23.32
2017-09-28,50.64,112.77,23.35
2017-09-29,51.54,117.35,24.69
2017-10-02,51.78,119.79,24.48
2017-10-03,52.25,122.51,24.54
2017-10-04,52.96,123.08,24.16
2017-10-05,53.83,122.7,24.37
2017-10-06,53.47,122.28,24.17
2017-10-09,52.86,120.68,23.89
2017-10-10,53.05,123.62,24.08
2017-10-11,53.0,123.23,24.37
2017-10-12,53.68,123.99,24.68
2017-10-13,54.66,126.8,24.96
2017-10-16,54.38,127.09,25.03
2017-10-17,54.82,125.87,26.09
2017-10-18,53.67,124.61,25.71
2017-10-19,53.79,123.91,25.73
2017-10-20,53.97,125.0,25.59
2017-10-23,57.15,135.46,27.01
2017-10-24,57.14,134.1,26.61
2017-10-25,56.65,134.09,26.43
2017-10-26,55.65,134.65,26.09
2017-10-27,55.0,132.0,25.72
2017-10-30,54.77,127.26,25.92
2017-10-31,54.9,125.92,26.81
2017-11-01,54.1,120.7,26.49
2017-11-02,53.06,119.73,26.45
2017-11-03,52.63,118.35,25.9
2017-11-06,54.44,123.29,26.41
2017-11-07,52.94,119.22,25.51
2017-11-08,53.71,124.36,26.17
2017-11-09,54.32,121.03,25.67
2017-11-10,52.48,117.18,24.8
2017-11-13,51.6,113.97,24.6
2017-11-14,50.27,97.61,23.41
2017-11-15,50.85,101.22,24.13
2017-11-16,54.65,107.38,25.11
2017-11-17,54.25,103.36,24.63
2017-11-20,56.22,99.01,25.63
2017-11-21,56.97,96.68,26.5
2017-11-22,57.05,99.68,27.21
2017-11-24,56.9,105.19,27.67
2017-11-27,54.88,105.19,27.2
2017-11-28,56.01,102.55,27.1
2017-11-29,56.08,103.35,26.55
2017-11-30,57.13,101.54,26.3
2017-12-01,58.24,103.16,26.5
2017-12-04,58.24,104.5,26.38
2017-12-05,59.1,106.27,26.4
2017-12-06,59.63,112.96,27.07
2017-12-07,62.36,114.9,27.81
2017-12-08,64.98,118.77,28.61
2017-12-11,64.88,120.24,28.52
2017-12-12,65.26,120.92,29.51
2017-12-13,65.04,118.23,29.3
2017-12-14,65.37,115.77,28.7
2017-12-15,65.33,114.38,28.63
2017-12-18,65.09,116.1,28.25
2017-12-19,66.08,117.44,29.34
2017-12-20,65.98,117.19,30.0
2017-12-21,64.87,116.77,29.77
2017-12-22,65.47,117.11,30.08
2017-12-26,65.46,116.95,29.53
2017-12-27,66.0,116.59,30.01
2017-12-28,65.61,116.0,29.53
2017-12-29,65.85,115.88,29.32
2018-01-02,67.21,116.94,30.26
2018-01-03,66.92,116.75,29.93
2018-01-04,69.51,115.22,30.28
2018-01-05,68.75,116.08,29.71
2018-01-08,66.68,113.12,29.68
2018-01-09,67.12,112.96,29.4
2018-01-10,68.2,111.5,29.7
2018-01-11,68.97,113.71,30.62
2018-01-12,70.5,114.5,31.66
2018-01-16,71.76,115.5,32.71
2018-01-17,72.17,116.11,32.98
2018-01-18,72.88,116.22,33.01
2018-01-19,72.06,113.77,32.75
2018-01-22,69.79,113.47,32.56
2018-01-23,69.47,107.49,32.5
2018-01-24,67.91,107.9,32.27
2018-01-25,67.19,107.93,32.77
2018-01-26,65.99,107.87,31.89
2018-01-29,64.64,105.41,30.79
2018-01-30,66.4,105.73,30.45
2018-01-31,69.8,108.54,31.97
2018-02-01,68.44,104.6,31.61
2018-02-02,63.65,100.83,30.39
2018-02-05,61.32,96.69,29.1
2018-02-06,64.39,101.22,30.17
2018-02-07,63.03,99.33,29.93
2018-02-08,60.29,95.46,28.26
2018-02-09,58.95,94.84,28.71
2018-02-12,62.46,96.32,30.03
2018-02-13,62.06,96.73,29.92
2018-02-14,64.41,100.79,30.92
2018-02-15,67.57,105.75,32.59
2018-02-16,67.02,107.9,31.32
2018-02-20,66.0,108.76,32.16
2018-02-21,66.8,110.03,31.92
2018-02-22,67.19,112.61,31.9
2018-02-23,64.77,113.11,32.02
2018-02-26,64.12,113.89,31.22
2018-02-27,62.66,113.54,30.48
2018-02-28,62.94,113.11,30.71
2018-03-01,61.19,111.61,29.69
2018-03-02,61.2,108.21,29.37
2018-03-05,61.76,107.35,29.37
2018-03-06,62.23,107.61,29.63
2018-03-07,61.7,107.37,28.91
2018-03-08,61.41,107.42,28.4
2018-03-09,63.62,109.18,29.28
2018-03-12,66.81,112.27,30.0
2018-03-13,65.22,109.97,30.18
2018-03-14,65.4,109.46,30.46
2018-03-15,65.35,109.0,30.84
2018-03-16,65.31,108.89,30.75
2018-03-19,63.05,107.47,29.61
2018-03-20,63.98,106.0,29.93
2018-03-21,65.51,109.2,30.61
2018-03-22,65.01,107.46,29.75
2018-03-23,63.4,106.28,30.04
2018-03-26,64.66,108.6,30.46
2018-03-27,65.41,108.02,30.5
2018-03-28,65.1,106.94,30.22
2018-03-29,65.76,107.97,30.34
2018-04-02,65.94,108.59,30.25
2018-04-03,66.43,109.51,31.21
2018-04-04,66.47,109.02,30.84
2018-04-05,66.29,109.99,30.93
2018-04-06,66.46,108.4,30.57
2018-04-09,65.97,107.35,30.15
2018-04-10,66.96,109.14,30.93
2018-04-11,65.99,108.89,30.41
2018-04-12,66.59,109.32,31.06
2018-04-13,65.47,107.55,30.62
2018-04-16,63.81,106.0,30.05
2018-04-17,66.53,109.35,30.17
2018-04-18,66.9,108.23,29.94
2018-04-19,65.68,108.75,28.72
2018-04-20,64.73,106.06,28.75
2018-04-23,64.73,106.51,28.63
2018-04-24,65.22,106.6,28.37
2018-04-25,61.81,100.6,27.22
2018-04-26,59.32,94.66,26.55
2018-04-27,62.12,96.0,27.58
2018-04-30,63.92,96.92,27.94
2018-05-01,61.61,94.86,26.35
2018-05-02,57.36,92.71,25.12
2018-05-03,52.34,89.67,23.31
2018-05-04,52.3,82.95,23.24
2018-05-07,50.1,81.02,21.74
2018-05-08,46.76,71.85,21.58
2018-05-09,50.5,74.74,22.99
2018-05-10,52.31,78.52,22.97
2018-05-11,47.99,73.98,20.85
2018-05-14,44.62,72.31,19.28
2018-05-15,45.31,75.2,19.8
2018-05-16,45.95,79.4,20.12
2018-05-17,47.1,82.64,20.84
2018-05-18,46.6,80.51,20.72
2018-05-21,46.69,81.09,20.36
2018-05-22,45.85,81.45,18.77
2018-05-23,44.26,79.99,18.13
2018-05-24,43.49,80.15,17.82
2018-05-25,43.66,81.0,17.5
2018-05-29,41.2,76.38,16.82
2018-05-30,41.98,76.38,16.68
2018-05-31,42.29,78.61,17.17
2018-06-01,42.23,77.27,16.79
2018-06-04,45.41,79.25,17.92
2018-06-05,47.63,82.51,19.25
2018-06-06,47.42,81.48,19.6
2018-06-07,47.29,80.5,18.73
2018-06-08,49.98,81.44,19.23
2018-06-11,49.25,82.22,19.15
2018-06-12,47.0,80.5,18.23
2018-06-13,44.7,76.9,16.84
2018-06-14,40.49,67.66,14.68
2018-06-15,40.04,64.56,14.55
2018-06-18,37.2,59.98,13.2
2018-06-19,38.29,63.28,13.7
2018-06-20,38.79,65.37,13.7
2018-06-21,41.17,72.0,14.86
2018-06-22,40.47,71.51,14.0
2018-06-25,37.49,67.76,12.31
2018-06-26,37.19,66.11,12.0
2018-06-27,33.13,59.54,10.42
2018-06-28,35.2,62.29,10.86
2018-06-29,32.98,58.79,10.58
2018-07-02,32.84,57.71,11.02
2018-07-03,35.33,67.43,12.38
2018-07-05,35.78,66.87,13.01
2018-07-06,36.14,66.25,12.75
2018-07-09,36.42,69.08,13.04
2018-07-10,36.54,69.24,12.9
2018-07-11,36.64,68.99,12.69
2018-07-12,35.34,67.35,12.25
2018-07-13,34.72,66.0,11.77
2018-07-16,34.27,66.05,11.6
2018-07-17,35.24,67.31,11.54
2018-07-18,35.11,67.1,11.74
2018-07-19,34.35,66.44,11.23
2018-07-20,35.62,67.66,11.42
2018-07-23,35.12,66.51,11.26
2018-07-24,35.93,68.02,11.89
2018-07-25,37.05,71.06,12.97
2018-07-26,36.73,71.42,13.16
2018-07-27,36.45,71.52,13.58
2018-07-30,35.89,69.6,13.18
2018-07-31,35.63,68.31,13.51
2018-08-01,36.0,66.8,13.59
2018-08-02,36.51,63.31,13.16
2018-08-03,37.36,65.73,13.3
2018-08-06,37.2,64.86,13.14
2018-08-07,35.04,59.71,12.57
2018-08-08,33.7,54.79,11.74
2018-08-09,33.95,56.04,11.78
2018-08-10,31.96,51.44,11.06
2018-08-13,30.17,47.72,10.1
2018-08-14,30.53,48.36,10.21
2018-08-15,31.48,48.07,10.12
2018-08-16,31.04,47.87,9.94
2018-08-17,29.29,46.81,9.39
2018-08-20,28.34,45.75,8.83
2018-08-21,28.4,46.0,8.93
2018-08-22,29.35,48.05,9.38
2018-08-23,28.42,46.73,9.15
2018-08-24,26.4,44.7,6.11
2018-08-27,25.8,44.15,6.09
2018-08-28,24.02,42.5,5.88
2018-08-29,21.99,38.49,5.65
2018-08-30,18.82,34.36,5.33
2018-08-31,22.5,43.64,6.84
2018-09-04,20.04,36.93,6.31
2018-09-05,21.57,40.98,6.96
2018-09-06,24.5,44.32,7.93
2018-09-07,23.69,42.76,7.84
2018-09-10,22.98,41.98,7.59
2018-09-11,22.22,40.26,7.36
2018-09-12,22.41,40.53,7.36
2018-09-13,21.3,39.69,6.94
2018-09-14,21.4,39.35,6.94
2018-09-17,23.63,39.87,7.42
2018-09-18,23.99,39.77,7.38
2018-09-19,24.98,41.05,7.95
2018-09-20,28.11,46.17,9.0
2018-09-21,29.76,48.5,9.34
2018-09-24,28.34,46.71,8.65
2018-09-25,29.77,46.78,9.14
2018-09-26,29.27,47.13,9.07
2018-09-27,26.99,43.82,8.29
2018-09-28,25.43,41.37,7.67
2018-10-01,25.88,42.02,8.02
2018-10-02,27.83,44.44,8.36
2018-10-03,26.9,43.91,8.29
2018-10-04,24.38,40.47,7.54
2018-10-05,24.18,40.96,7.38
2018-10-08,24.87,41.42,7.4
2018-10-09,23.56,38.75,7.13
2018-10-10,22.02,36.19,6.7
2018-10-11,21.64,36.14,6.6
2018-10-12,24.61,39.78,7.32
2018-10-15,24.82,39.65,7.4
2018-10-16,24.23,39.05,7.47
2018-10-17,23.13,37.39,7.07
2018-10-18,22.45,36.28,6.97
2018-10-19,22.89,37.43,7.08
2018-10-22,22.79,38.04,7.05
2018-10-23,22.45,38.02,7.06
2018-10-24,22.1,39.36,6.96
2018-10-25,23.35,42.18,7.8
2018-10-26,22.97,42.56,7.84
2018-10-29,22.31,41.83,7.98
2018-10-30,22.8,43.1,8.11
2018-10-31,23.06,44.69,8.34
2018-11-01,26.67,48.52,8.99
2018-11-02,26.82,48.22,9.16
2018-11-05,26.57,46.77,8.79
2018-11-06,26.37,45.53,8.73
2018-11-07,26.39,43.82,8.67
2018-11-08,26.01,43.94,8.4
2018-11-09,25.26,43.52,8.35
2018-11-12,24.18,43.01,8.17
2018-11-13,23.18,41.18,7.6
2018-11-14,25.17,44.3,8.06
2018-11-15,26.35,45.96,8.49
2018-11-16,26.86,47.46,8.87
2018-11-19,26.44,46.6,9.1
2018-11-20,25.01,43.83,8.69
2018-11-21,26.04,46.34,9.12
2018-11-23,26.54,45.79,9.13
2018-11-26,25.79,45.06,8.84
2018-11-27,24.33,45.0,8.22
2018-11-28,26.21,44.25,8.48
2018-11-29,27.46,45.22,8.71
2018-11-30,27.56,44.39,8.72
2018-12-03,28.56,46.73,9.12
2018-12-04,27.35,45.22,9.0
2018-12-06,27.97,45.22,9.06
2018-12-07,27.74,42.61,8.95
2018-12-10,26.7,41.2,8.9
2018-12-11,28.3,41.65,8.94
2018-12-12,27.88,41.84,8.83
2018-12-13,27.79,41.88,8.64
2018-12-14,27.53,41.75,8.66
2018-12-17,25.42,38.34,7.95
2018-12-18,26.16,39.84,8.03
2018-12-19,26.05,38.57,7.87
2018-12-20,26.08,37.66,7.64
2018-12-21,24.97,36.52,7.61
2018-12-24,24.57,35.69,7.19
2018-12-26,25.74,38.46,7.63
2018-12-27,26.34,40.61,7.97
2018-12-28,26.92,42.55,8.35
2018-12-31,27.57,44.22,8.68
2019-01-02,28.48,43.87,8.49
2019-01-03,28.68,44.36,8.54
2019-01-04,30.7,46.9,8.9
2019-01-07,31.24,50.01,8.88
2019-01-08,31.46,49.5,8.92
2019-01-09,32.37,50.57,9.3
2019-01-10,33.44,52.35,9.48
2019-01-11,32.49,53.17,9.65
2019-01-14,32.09,53.0,9.41
2019-01-15,31.8,52.75,9.38
2019-01-16,31.54,49.95,9.2
2019-01-17,31.76,51.66,9.2
2019-01-18,33.21,53.83,9.46
2019-01-22,32.48,52.73,9.16
2019-01-23,33.78,54.97,9.37
2019-01-24,33.51,53.98,9.24
2019-01-25,34.34,55.0,9.44
2019-01-28,34.79,55.25,9.79
2019-01-29,34.75,56.71,9.91
2019-01-30,35.56,57.15,10.29
2019-01-31,36.51,57.87,10.49
2019-02-01,36.18,57.98,10.71
2019-02-04,37.06,59.72,11.3
2019-02-05,37.3,59.68,11.31
2019-02-06,35.49,57.33,10.76
2019-02-07,35.2,56.88,10.63
2019-02-08,35.99,57.44,10.79
2019-02-11,36.32,57.62,10.82
2019-02-12,36.76,59.03,11.02
2019-02-13,35.2,56.82,10.58
2019-02-14,35.42,58.11,10.82
2019-02-15,34.78,56.95,10.63
2019-02-19,32.61,52.0,9.97
2019-02-20,33.0,51.05,9.68
2019-02-21,32.42,51.67,9.4
2019-02-22,33.67,54.08,10.04
2019-02-25,33.46,52.27,9.63
2019-02-26,33.03,53.41,9.59
2019-02-27,31.64,52.21,9.13
2019-02-28,30.57,50.5,8.92
2019-03-01,29.06,46.71,8.26
2019-03-04,28.39,46.32,8.12
2019-03-05,28.28,46.99,8.19
2019-03-06,26.27,43.73,7.54
2019-03-07,25.6,43.26,7.31
2019-03-08,26.48,44.55,7.57
2019-03-11,27.47,47.53,7.55
2019-03-12,27.16,45.7,7.47
2019-03-13,27.63,47.01,7.44
2019-03-14,27.27,46.69,7.27
2019-03-15,28.32,49.33,7.66
2019-03-18,29.39,51.44,8.0
2019-03-19,28.89,51.91,7.65
2019-03-20,28.93,52.46,7.44
2019-03-21,28.14,51.12,7.19
2019-03-22,25.84,46.47,6.52
2019-03-25,26.87,47.4,6.7
2019-03-26,25.48,46.0,6.19
2019-03-27,24.25,42.81,6.05
2019-03-28,24.86,44.12,6.16
2019-03-29,25.52,45.76,6.08
2019-04-01,25.52,46.5,6.2
2019-04-02,24.63,44.48,6.02
2019-04-03,24.39,43.07,5.82
2019-04-04,24.61,43.6,5.88
2019-04-05,24.97,45.62,5.98
2019-04-08,25.47,47.47,6.37
2019-04-09,24.33,46.17,5.97
2019-04-10,25.18,47.87,5.91
2019-04-11,24.57,46.1,5.92
2019-04-12,25.61,48.43,5.96
2019-04-15,26.52,49.3,6.09
2019-04-16,25.78,48.5,6.05
2019-04-17,26.13,50.83,6.12
2019-04-18,24.04,46.98,5.65
2019-04-22,24.33,47.02,5.55
2019-04-23,24.53,47.09,5.72
2019-04-24,21.72,42.41,5.04
2019-04-25,21.13,41.19,5.2
2019-04-26,21.01,40.82,4.97
2019-04-29,21.29,39.73,5.0
2019-04-30,21.78,40.58,5.08
2019-05-01,22.17,41.84,5.28
2019-05-02,23.11,43.72,5.34
2019-05-03,24.49,48.14,5.74
2019-05-06,24.27,47.98,5.75
2019-05-07,23.44,45.7,5.28
2019-05-08,24.54,46.9,5.45
2019-05-09,25.55,48.05,5.58
2019-05-10,24.72,46.52,5.44
2019-05-13,23.81,42.75,5.27
2019-05-14,24.34,43.48,5.3
2019-05-15,24.76,44.4,5.54
2019-05-16,25.33,45.73,5.65
2019-05-17,24.43,44.94,5.29
2019-05-20,24.69,45.73,5.43
2019-05-21,26.08,48.43,6.1
2019-05-22,26.21,48.97,5.88
2019-05-23,25.97,48.35,5.75
2019-05-24,26.6,49.99,5.9
2019-05-28,25.76,48.81,5.9
2019-05-29,25.59,48.28,5.97
2019-05-30,25.91,49.85,5.95
2019-05-31,25.61,49.88,5.84
2019-06-03,25.0,50.3,5.71
2019-06-04,26.52,53.81,6.15
2019-06-05,26.97,54.62,6.17
2019-06-06,27.62,55.71,6.2
2019-06-07,27.41,56.11,6.09
2019-06-10,28.55,57.87,6.35
2019-06-11,30.78,61.8,7.49
2019-06-12,34.62,68.55,7.9
2019-06-13,34.05,68.43,7.68
2019-06-14,32.9,65.76,7.44
2019-06-17,33.03,64.94,7.34
2019-06-18,33.59,67.56,7.42
2019-06-19,32.7,65.35,7.01
2019-06-20,33.91,66.97,7.44
2019-06-21,34.13,66.46,7.26
2019-06-24,34.28,67.26,7.43
2019-06-25,34.76,69.33,7.39
2019-06-26,33.71,67.88,7.16
2019-06-27,33.91,70.61,7.39
2019-06-28,35.5,72.85,7.88
2019-07-01,35.51,71.55,7.88
2019-07-02,36.73,73.96,8.21
2019-07-03,36.45,73.4,8.16
2019-07-05,36.4,72.52,8.34
2019-07-08,37.49,74.0,8.44
2019-07-09,38.15,74.37,8.8
2019-07-10,38.0,74.55,8.57
2019-07-11,37.93,73.9,8.35
2019-07-12,37.86,73.3,8.35
2019-07-15,35.87,68.96,7.94
2019-07-16,36.17,69.11,7.98
2019-07-17,35.91,68.17,8.12
2019-07-18,35.34,67.03,7.81
2019-07-19,34.9,65.82,7.59
2019-07-22,33.5,63.54,7.18
2019-07-23,33.79,65.08,7.12
2019-07-24,33.94,65.29,7.16
2019-07-25,33.97,65.42,7.07
2019-07-26,37.42,70.86,7.72
2019-07-29,38.19,72.02,7.76
2019-07-30,37.6,70.9,7.68
2019-07-31,36.74,69.28,7.7
2019-08-01,35.41,65.42,7.29
2019-08-02,35.02,65.09,7.51
2019-08-05,34.08,63.25,7.34
2019-08-06,35.32,66.3,7.35
2019-08-07,34.54,66.18,7.09
2019-08-08,34.95,69.16,7.07
2019-08-09,38.17,76.48,7.66
2019-08-12,16.75,36.2,3.16
2019-08-13,17.23,37.28,3.5
2019-08-14,16.58,36.08,3.35
2019-08-15,17.47,38.92,3.92
2019-08-16,17.74,38.28,3.93
2019-08-19,14.95,32.44,3.31
2019-08-20,15.14,32.32,3.34
2019-08-21,15.59,33.7,3.5
2019-08-22,15.55,33.21,3.48
2019-08-23,14.69,30.91,3.33
2019-08-26,13.95,29.84,3.25
2019-08-27,12.87,27.05,2.94
2019-08-28,12.74,26.47,2.9
2019-08-29,11.9,24.89,2.69
2019-08-30,10.84,23.31,2.46
2019-09-03,9.57,21.9,2.29
2019-09-04,11.05,23.6,2.72
2019-09-05,11.45,24.95,3.12
2019-09-06,11.73,24.86,3.21
2019-09-09,11.8,24.63,3.18
2019-09-10,11.9,25.03,3.17
2019-09-11,12.02,24.78,3.26
2019-09-12,11.78,24.5,3.09
2019-09-13,11.13,24.69,2.92
2019-09-16,11.83,25.25,2.93
2019-09-17,12.03,24.92,2.99
2019-09-18,11.84,24.25,2.97
2019-09-19,12.23,24.35,3.05
2019-09-20,11.9,23.79,2.91
2019-09-23,11.87,23.55,2.87
2019-09-24,11.78,23.55,2.82
2019-09-25,12.36,24.52,2.93
2019-09-26,12.4,24.91,2.98
2019-09-27,13.07,26.06,3.21
2019-09-30,13.0,26.02,3.21
2019-10-01,12.76,25.62,3.11
2019-10-02,13.13,26.53,3.18
2019-10-03,13.11,25.61,3.09
2019-10-04,13.51,26.89,3.24
2019-10-07,13.36,26.54,3.28
2019-10-08,12.71,25.18,3.06
2019-10-09,12.75,25.83,3.14
2019-10-10,13.39,27.76,3.32
2019-10-11,13.06,27.09,3.19
2019-10-14,12.85,26.4,3.12
2019-10-15,13.24,26.68,3.11
2019-10-16,12.85,25.88,3.09
2019-10-17,12.51,25.86,2.98
2019-10-18,12.51,25.24,2.87
2019-10-21,12.84,25.47,2.92
2019-10-22,12.38,24.71,2.79
2019-10-23,12.69,24.92,2.82
2019-10-24,12.42,24.25,2.82
2019-10-25,12.73,25.11,2.8
2019-10-28,11.28,23.02,2.64
2019-10-29,11.39,23.52,2.7
2019-10-30,11.4,23.18,2.72
2019-10-31,11.56,22.9,2.72
2019-11-01,11.79,22.66,2.78
2019-11-04,12.54,23.9,2.96
2019-11-05,12.68,24.22,3.08
2019-11-06,12.2,23.36,2.93
2019-11-07,12.59,23.81,2.92
2019-11-08,12.41,23.6,2.72
2019-11-11,12.72,25.17,2.69
2019-11-12,12.07,24.71,2.57
2019-11-13,11.6,24.26,2.47
2019-11-14,11.07,22.75,2.37
2019-11-15,11.58,23.24,2.56
2019-11-18,11.38,22.6,2.49
2019-11-19,11.84,23.37,2.69
2019-11-20,12.54,25.08,2.81
2019-11-21,12.69,24.99,2.78
2019-11-22,12.74,25.0,2.82
2019-11-25,12.81,25.23,2.8
2019-11-26,12.9,25.1,2.8
2019-11-27,13.78,26.69,3.01
2019-11-29,13.36,25.85,2.8
2019-12-02,12.85,24.76,2.74
2019-12-03,12.87,24.8,2.75
2019-12-04,13.42,26.42,2.8
2019-12-05,13.23,26.92,2.77
2019-12-06,13.8,28.41,2.88
2019-12-09,14.05,28.58,2.95
2019-12-10,13.25,27.07,2.79
2019-12-11,13.2,27.13,2.86
2019-12-12,13.96,28.59,3.0
2019-12-13,14.75,30.04,3.14
2019-12-16,14.47,30.53,3.06
2019-12-17,14.54,31.13,3.1
2019-12-18,14.79,33.01,3.23
2019-12-19,14.8,33.55,3.3
2019-12-20,15.0,33.73,3.3
2019-12-23,16.34,36.27,3.7
2019-12-24,16.48,36.72,3.75
2019-12-26,17.05,37.75,4.18
2019-12-27,16.42,36.38,3.94
2019-12-30,16.29,36.27,3.73
2019-12-31,16.23,36.25,3.68
2020-01-02,16.41,36.36,3.66
2020-01-03,15.8,35.36,3.5
2020-01-06,15.97,35.83,3.59
2020-01-07,15.87,35.3,3.42
2020-01-08,16.04,35.81,3.38
2020-01-09,16.65,36.84,3.6
2020-01-10,16.37,36.19,3.58
2020-01-13,15.62,34.54,3.41
2020-01-14,15.47,33.65,3.33
2020-01-15,14.83,32.03,3.16
2020-01-16,15.26,32.9,3.27
2020-01-17,15.6,33.05,3.36
2020-01-21,15.08,32.45,3.14
2020-01-22,14.97,32.96,3.18
2020-01-23,14.55,31.69,3.08
2020-01-24,13.99,30.29,2.98
2020-01-27,13.75,29.74,2.87
2020-01-28,14.45,31.35,3.01
2020-01-29,14.41,30.95,2.97
2020-01-30,14.84,31.66,3.0
2020-01-31,14.35,30.67,2.89
2020-02-03,15.19,33.13,3.13
2020-02-04,14.8,32.05,3.05
2020-02-05,14.73,32.47,3.15
2020-02-06,14.8,32.46,3.14
2020-02-07,14.98,33.32,3.15
2020-02-10,14.99,33.09,3.1
2020-02-11,14.66,31.82,2.99
2020-02-12,14.81,32.73,3.0
2020-02-13,13.58,31.12,2.86
2020-02-14,13.79,31.19,2.87
2020-02-18,13.7,31.26,2.89
2020-02-19,14.09,32.8,3.0
2020-02-20,14.31,33.9,3.08
2020-02-21,14.49,34.24,3.08
2020-02-24,13.95,32.89,2.91
2020-02-25,13.25,31.62,2.8
2020-02-26,13.3,31.81,2.86
2020-02-27,13.03,29.8,2.68
2020-02-28,12.64,28.98,2.68
2020-03-02,13.08,30.14,2.78
2020-03-03,12.96,29.98,2.68
2020-03-04,13.57,31.36,2.76
2020-03-05,13.19,30.72,2.73
2020-03-06,12.22,28.28,2.56
2020-03-09,9.96,22.9,2.08
2020-03-10,11.06,25.79,2.32
2020-03-11,10.16,23.79,1.97
2020-03-12,8.73,19.84,1.47
2020-03-13,9.21,21.34,1.69
2020-03-16,7.14,17.37,1.42
2020-03-17,7.64,19.32,1.57
2020-03-18,6.08,16.22,1.44
2020-03-19,6.1,15.16,1.48
2020-03-20,6.81,16.36,1.46
2020-03-23,6.45,15.29,1.41
2020-03-24,7.27,16.82,1.59
2020-03-25,7.62,17.79,1.84
2020-03-26,7.85,18.13,1.82
2020-03-27,6.74,15.7,1.6
2020-03-30,6.73,16.16,1.55
2020-03-31,7.05,16.98,1.56
2020-04-01,6.79,16.47,1.61
2020-04-02,7.2,17.02,1.71
2020-04-03,7.34,17.48,1.71
2020-04-06,7.01,16.74,1.64
2020-04-07,6.93,16.34,1.55
2020-04-08,7.2,16.12,1.66
2020-04-09,7.09,16.57,1.62
2020-04-13,6.83,16.01,1.59
2020-04-14,7.12,16.46,1.62
2020-04-15,7.58,17.35,1.71
2020-04-16,7.48,17.3,1.71
2020-04-17,7.33,16.39,1.7
2020-04-20,7.32,16.68,1.75
2020-04-21,6.85,15.59,1.67
2020-04-22,6.67,15.23,1.56
2020-04-23,6.3,15.19,1.52
2020-04-24,6.1,14.51,1.44
2020-04-27,5.93,14.15,1.42
2020-04-28,6.98,16.44,1.6
2020-04-29,7.48,17.5,1.78
2020-04-30,7.12,16.31,1.69
2020-05-01,6.63,15.23,1.54
2020-05-04,7.06,16.1,1.63
2020-05-05,6.9,15.83,1.6
2020-05-06,7.25,16.38,1.65
2020-05-07,7.84,17.97,1.87
2020-05-08,8.1,18.51,1.82
2020-05-11,8.81,19.54,2.12
2020-05-12,8.73,20.04,2.07
2020-05-13,7.93,18.27,1.93
2020-05-14,8.46,19.14,1.99
2020-05-15,8.4,18.72,1.95
2020-05-18,8.89,19.36,2.09
2020-05-19,8.49,18.48,2.02
2020-05-20,8.76,19.08,2.16
2020-05-21,9.38,20.51,2.26
2020-05-22,9.51,20.8,2.42
2020-05-26,9.53,20.95,2.38
2020-05-27,9.66,20.61,2.36
2020-05-28,8.83,19.48,2.15
2020-05-29,8.01,17.16,1.97
2020-06-01,8.53,18.24,2.15
2020-06-02,9.39,20.48,2.37
2020-06-03,10.16,21.96,2.54
2020-06-04,10.18,21.56,2.47
2020-06-05,10.37,21.66,2.61
2020-06-08,11.5,23.95,2.93
2020-06-09,10.77,22.18,2.79
2020-06-10,10.86,22.06,2.76
2020-06-11,9.98,20.08,2.39
2020-06-12,10.75,21.54,2.58
2020-06-15,10.43,20.9,2.45
2020-06-16,10.39,20.94,2.5
2020-06-17,10.06,19.78,2.4
2020-06-18,9.33,18.67,2.07
2020-06-19,10.22,20.06,2.28
2020-06-22,9.85,19.27,2.21
2020-06-23,10.24,19.82,2.29
2020-06-24,10.04,19.73,2.19
2020-06-25,10.67,20.76,2.45
2020-06-26,10.21,19.65,2.34
2020-06-29,10.33,19.75,2.31
2020-06-30,9.7,18.55,2.2
2020-07-01,9.77,18.76,2.31
2020-07-02,9.22,18.06,2.2
2020-07-06,11.32,22.12,2.7
2020-07-07,10.89,20.84,2.54
2020-07-08,11.03,21.21,2.53
2020-07-09,10.52,20.33,2.41
2020-07-10,11.37,21.47,2.54
2020-07-13,11.34,21.66,2.52
2020-07-14,11.27,21.45,2.59
2020-07-15,11.68,22.51,2.65
2020-07-16,11.51,21.98,2.59
2020-07-17,11.23,21.43,2.7
2020-07-20,10.89,20.66,2.56
2020-07-21,11.36,21.51,2.75
2020-07-22,12.3,23.23,2.95
2020-07-23,12.47,23.43,2.98
2020-07-24,12.47,23.53,2.94
2020-07-27,12.77,23.9,3.01
2020-07-28,12.22,22.82,2.95
2020-07-29,12.32,23.05,2.99
2020-07-30,12.12,21.96,2.98
2020-07-31,12.0,21.28,2.88
2020-08-03,13.27,23.48,3.23
2020-08-04,13.05,23.23,3.18
2020-08-05,12.65,22.32,2.99
2020-08-06,12.69,22.17,2.95
2020-08-07,12.85,22.28,2.93
2020-08-10,12.44,21.95,2.88
2020-08-11,11.86,20.76,2.7
2020-08-12,11.46,19.68,2.64
2020-08-13,11.53,20.2,2.68
2020-08-14,11.37,20.24,2.61
2020-08-17,10.79,19.1,2.56
2020-08-18,10.66,18.9,2.54
2020-08-19,10.37,18.63,2.47
2020-08-20,10.25,18.44,2.56
2020-08-21,10.11,18.22,2.52
2020-08-24,10.06,18.36,2.44
2020-08-25,10.17,18.58,2.44
2020-08-26,10.04,18.33,2.42
2020-08-27,9.9,17.88,2.42
2020-08-28,10.6,19.19,2.68
2020-08-31,10.33,18.95,2.57
2020-09-01,10.4,18.81,2.62
2020-09-02,10.11,18.86,2.56
2020-09-03,10.28,19.37,2.56
2020-09-04,10.18,18.93,2.51
2020-09-08,10.26,18.87,2.56
2020-09-09,10.28,18.74,2.58
2020-09-10,10.25,18.73,2.62
2020-09-11,9.74,18.0,2.54
2020-09-14,9.21,17.45,2.42
2020-09-15,9.17,17.26,2.5
2020-09-16,8.36,16.14,2.27
2020-09-17,7.88,15.38,2.11
2020-09-18,7.86,15.32,2.05
2020-09-21,7.6,14.72,1.92
2020-09-22,7.25,14.1,1.77
2020-09-23,6.86,13.36,1.67
2020-09-24,7.63,14.64,1.9
2020-09-25,7.4,14.52,1.8
2020-09-28,7.23,14.33,1.73
2020-09-29,7.16,14.1,1.78
2020-09-30,7.24,14.3,1.81
2020-10-01,7.42,14.62,1.86
2020-10-02,7.29,14.25,1.79
2020-10-05,7.12,14.05,1.78
2020-10-06,6.91,13.74,1.7
2020-10-07,7.06,13.88,1.68
2020-10-08,7.25,14.27,1.71
2020-10-09,7.06,14.1,1.72
2020-10-12,7.0,13.82,1.68
2020-10-13,6.79,13.41,1.66
2020-10-14,6.61,13.26,1.61
2020-10-15,6.56,13.24,1.6
2020-10-16,6.76,13.54,1.68
